byte_filesize,byte_offset,Id
8359424,4198400,065EZhxgbLRSHsB87uIF
7691264,4198400,0ASH2csN7k8jZyoRaqtn
4810752,4198400,0AV6MPlrTWG4fYI7NBtQ
593920,268439552,0AnoOZDNbPXIr2MRBSCJ
5300736,4198400,0BIdbVDEgmPwjYF4xzir
11329024,4198400,0BKcmNv4iGY2hsVSaXJ6
8493056,4198400,0BLbmzJRkjNynCgQIdtV
1544192,4198400,0BY2iPso3bEmudlUzpfq
712704,4198400,0BZQIJak6Pu2tyAXfrzR
742400,4198400,0C4aVbN58O1nAigFJt9z
5627392,4198400,0CPaAXtyswrBq83D6VEg
3014144,4198400,0Cq4wfhLrKBJiut1lYAZ
8493056,4198400,0CzL6rfwaTqGOu9eghBt
8507904,4198400,0D9IedmC1viTPugLRWX6
7706112,4198400,0DM3hS6Gg2QVKb1fZydv
876032,268439552,0DNVFKwYlcjO7bTfJ5p1
4370842,4198400,0DTp59Av1RLifoKlUdm7
8493056,4198400,0DTs2PhZfCwEv7q8349K
1098752,4198400,0DbLeKSoxu47wjqVHsi9
8507904,4198400,0Dk7Wd8MERu3b5rmQzCK
683008,268439552,0DqUX5rkg3IbMY6BLGCE
8344576,4198400,0EAdHtLDypMcwjTFJziC
3801088,4198400,0EL7OGZKozbiNCVP61gk
8493056,4198400,0Eo9qT6idXHDMebwmvPA
7824896,4198400,0F4qIHaR7xOrm19Set3o
9235456,4198400,0FKerJl18xOc3jdoyg4A
712704,4198400,0FOXjzmnD9CUMVcSlEqh
8493056,4198400,0FdOaDWrfBU6TqwCRYxA
11329024,4198400,0Fu9oETtMW4zlg1ZrUy6
8389120,4198400,0G2RV1chBlIbkt6JqA5Q
3355648,4198400,0G4hwobLuAzvl1PWYfmd
4370146,4198400,0GKp9ZJclxTABMunIOD2
8493056,4198400,0GKzFQ81IYXqUWkmfv26
1870848,4198400,0GUIi7xAlODwZ4YBenNM
11329024,4198400,0GVcTdBQXWUJ2t7vjphN
1232384,4198400,0GbMkYlNyt72OzBjIcVh
7275520,4198400,0Gu4misTcKynQD2Ol1Jx
12323840,4198400,0GuYe4J7oLwQ82xr3pWS
8493056,4198400,0GvtWEPUBfDAcMbiYVSR
460288,4198400,0H5OFklQm7wAPfE1qaJY
2449920,4198400,0H63jydvIahOVqgx5Kfo
1128448,4198400,0HICT7RtjaVQzcNOeMgS
445440,4198400,0HKFs3AXTt1IrOl52eVu
4355600,4198400,0HKM38fmCR5DrxoIkBnQ
460288,4198400,0HVAnMrp1LjKDmuoOJFY
3830784,4198400,0HcZRmLi9VTpuQJCoXny
9146368,4198400,0Hlm4XgE1cQhC6BkMays
801792,4198400,0Hn2ojct97Wp1TbdNM4Q
7245824,1739460608,0Hrfce4X5YGESJPjl9uL
1262080,1835864064,0I4ZVvngsAatm8fzD3pk
8478208,4198400,0IAlcuEiP9G6epb71Oom
8493056,4198400,0IMUKlZs1Sm8LpGRkWhT
11329024,4198400,0IYZltU7uMpaco85PfKr
638464,4198400,0IelgX5H2s14KutkEyNU
460288,4198400,0ItXlAUOhK8ZYdDf7HW4
549376,0,0Iv6U2hbcP1xeBitW5Oo
8493056,4198400,0IyaidUKRqnt2PDfOzHT
8493056,4198400,0aSTGBVRXeJhx5OcpsgC
8493056,4198400,0aU7XWsr8RtN94jvo3lG
445440,4198400,0aVNj3qFgEZI6Akf4Kuv
9072128,4198400,0bN6ODYWw2xeCQBn3tEg
4840448,4198400,0bjN3Kgw5OATSreRmEdi
8493056,4198400,0cGWK6VvCkm7O2AxDjtw
534528,1887965184,0cH8YeO15ZywEhPrJvmj
1172992,4198400,0cTu2bkefOAJqIhYUWFK
11329024,4198400,0cdnSIvN489sFUwYlrMQ
8775168,4198400,0cfGJLYgE6ROaZH7KT1h
8493056,4198400,0cfIE39ihRNo2rkZOw5H
549376,4198400,0co46B8IkPt2UN3HSaw7
8493056,4198400,0csgzpwdL3FbZEJu6DjO
727552,4198400,0czUXKSCiGY2j5mxLdWa
8493056,4198400,0daTri9PSkeEsVHu5Dhw
846336,4198400,0dauMIK4ATfybzqUgNLc
979968,4198400,0df4cbsTBCn1VGW8lQRv
816640,4198400,0dhL8Jvcswa7U1qHiDS5
8507904,4198400,0dkuzUXLTEFwW71vP5bS
8745472,4198400,0dnTixlMYzDUpsvEVrGc
5033472,4198400,0eN9lyQfwmTVk7C2ZoYp
2138112,268439552,0eaNKwluUmkYdIvZ923c
8507904,4198400,0evDQX7AVfC1ZTJEKltg
8507904,4198400,0fGuCWgTraQ6nEmLPN8q
1633280,268439552,0fHVZKeTE6iRb1PIQ4au
460288,4198400,0fhnXI9ESr4jgWmkiaTe
8255488,4198400,0fvnGU7dkbr8iEhZuMcP
11329024,4198400,0fxgjYEClPL1BDbcshzJ
7245824,4198400,0gCmlyxw2UJvX7SNOGqu
1752064,4198400,0gDsIvrylX5fPbG7cSBn
6830080,4198400,0gHs6DEouiCPAcmWFrTX
6815232,4198400,0gL3h5G6CszBV7RSinjJ
8493056,4198400,0gSm7QZu5x6MBvVzUncH
7097344,4198400,0gUpzkLVT73PCXx5WFRI
4825600,4198400,0gWUIudhwovMYb3NSnZA
4825600,4198400,0gcZkSFr7VnEmLPbTxUe
460288,4198400,0giIqhw6e4mrHYzKFl8T
534528,268439552,0gkj92oIleU4SYiCWpaM
11329024,4198400,0glscKoNakWL84EpunPe
7780352,4198400,0gxJ1YmwFUvnOzoM8N53
1143296,4198400,0hAlkjTR1Q6PewMczavb
8181248,4198400,0hBIiRpkMZtoYj3lcDLa
8493056,4198400,0hH3JB2wM79lYdsyuK5N
8507904,4198400,0hWRb28Umdgj7xcXOwtC
5300736,4198400,0hZEqJ5eMVjU21HAG7Ii
8493056,4198400,0hZqVRKkw7GfMdpalLiN
8493056,4198400,0i4ENysvVrgFnbaHUuJK
786944,4198400,0i4FNJPQ8GuB3WU56LTS
8493056,4198400,0iABvIkp3WHfgrJ79ymq
668160,4198400,0iBaz3krsQ8HuA7cGDSt
534528,1770000384,0iS3pwlgJco8XORD4TLq
8493056,4198400,0icJrNnmPvDqVQkC3we1
8923648,4198400,0isdESDMzq2K8T6FLPcC
11329024,4198400,0itbI5mjJF28ocTkrUf9
8522752,4198400,125y4VsArzkCNOGZfu6o
8507904,4198400,129LWuNOIS0RjQnq5om6
3088384,4198400,148bgAqCj3NzaHwSP0Gu
4098048,268439552,175ZU8ClOsnifz03ybcX
8493056,4198400,194Iy5xv8QRz7XMTnmAk
4825600,4198400,198PdXRpGVZAzYxCrF0e
534528,1727729664,2037kCYJ5fZKPw4oDGX1
460288,4198400,250wWOtELFspbVRJAaNn
935424,4198400,2617zwnbHU3jrseQZim5
8493056,4198400,279EOCqmnPGMfixzTuwJ
6043136,4198400,280npuOwNHdxPDVmAyLT
415744,4198400,283STBsQaI7Pw9qf0tjy
4810752,4198400,294DyEi30U6TVeFSrClm
460288,4198400,295nPpgmDUkQw4TScqfh
8493056,4198400,30259LfMxFdATBcqNOi1
1172992,4198400,351BNOEjS9pHWAqhJQdD
4558336,4198400,365qzFMSdZmIU1YbfoAx
4371422,4198400,369xrHyDKegPqFMYWQJu
2078720,4198400,387RdPoyKxJIZr1YNcO6
8493056,4198400,409FLy5cim8qgxjYobET
876032,535302144,418XPavxNpslKmeoTUwJ
1366016,4194304,420SDzWFNamqIiHBYjPu
6904320,4198400,421g5mO6zfBFPM8KwXh9
683008,4198400,426c9FYfeVQbJnygpdKH
1707520,4198400,495fFS8xhenO7WqZX6uw
683008,4198400,496EYbjny1LlaK3sr5Zu
801792,4198400,502xXcWOnqet1TrUmPBi
8507904,4198400,506hUsmC4zdWHrALljRw
2331136,268439552,508Uk9z1gvCtucARFWG3
2152960,268439552,5102w8Hp4TRkWbIUXSgZ
8507904,4198400,538txwsfQ9diHIU4WREa
1677824,268439552,5764RnJYTirWq1utgdkN
11329024,4198400,581bD2ouMmKpySGQszri
8463360,4198400,596okG3UjnycItSXaQzR
861184,4198400,598Ro4nwxeQOSHvAsgXm
1618432,4198400,601qhanLfC3oB4HeIWS5
5493760,4198400,602shC5njSE4yHNZ3QFM
7260672,4198400,617nfOLPiCpmMhrVNI0l
8507904,4198400,623eFhxtASpOuCcQviwr
13719552,4198400,624nasYWOLCkrcqB3HGg
430592,16777216,63RfPeChL1tsJwy2lVHo
8507904,4198400,63vS2seA0bRQhG4fugWE
4443250,4198400,64FZCyUcjXxLNv1K8Bm3
1262080,4198400,64SxkBKApurs93Qv5oce
519680,268439552,64ZtULx71bBcduDiY8GO
4825600,4198400,64pFyk0YIszaOwGx2iMA
252416,4198400,64vCcLMZutGVNYeWmsHy
6251008,4198400,64vsfK12yBanCNdexz35
445440,4198400,657cSztk3InCL0MZmPWK
8493056,4198400,65DnqP94QNtxbAHo1ucL
861184,4198400,65PjxA3a1NeH8iCBKpfS
4810752,4198400,65PrHFzw3RaIg1Qhcfik
2108416,4198400,65ZYCsoOaNJ3fht1Dx4F
1321472,268439552,65bn3ADuxHh2pz1Jtsgd
4398764,4198400,65cijV9z78ZBfqC3Kgbw
979968,4198400,65cjJpPCUQiLDRyXfWd4
1722368,4198400,65fRYHjJXpsLZdb8WFuy
742400,4198400,65jWRh4GwFlqfZsgdHCc
445440,4198400,65mexjWVua2gcsE3koKi
742400,4198400,65nIFXYRgmzdsZq0kPox
5300736,4198400,670isB8fzGbAXI3HmUoF
697856,1967788032,67HtTa9RSq1vKfcA2PXB
5300736,4198400,67LFYMBVhdD3Jo2UGRSX
8210944,4198400,67RMbxiLz1OgnVYSElPH
6180790,4198400,68KCRpuscIZi0On4Hz9U
5746176,4198400,68QZolTBeOXR9jVxbsp7
1158144,268435456,68icCkFVRJK5UtxLOqIu
5300736,4198400,697TFDm0KRiZIgB4pJG1
2078720,4198400,69I7oy5WLUckT1ZlPVCn
2152960,4198400,69MHIoldGcUTvxEOXJyw
7305216,4198400,69aKs7pQZjI2tWN80bHy
8493056,4198400,69jlRk8g7VH4hXypdwU0
2628096,268435456,69jsYQMcGwzrBLUPRb5e
4840448,4198400,69woQijq5CZfpunINT2K
1959936,4198400,704DS8ZCuOtUahTQ1EYx
4399158,4198400,70Svz3Aitx6KsDEuOXZG
2063872,4198400,70f4QazO1NlpXMST2LcE
8819712,4198400,70xElcmWgS1fChNpniIG
757248,4198400,71BDWQcsLYedmu43nOSV
460288,4198400,71XJkmfwVpndPa42sbDE
445440,4198400,71zK8WqnBXjFkHvscDNw
1395712,4198400,723C8e4nNUKMLrQZYdpP
3801088,268439552,72Aksjb4NMtae3whWUE6
8507904,4198400,72KpNMPtbRArxQLszX49
1826304,4198400,72PpDnF0hdSsaWlJVqv6
8493056,4198400,72Zlb5dcIwWLsKfgqnPC
8493056,4198400,72cG6vkEjAuFBzym5P4e
460288,4198400,72ijtUXB1aeWoVIdZrcH
8671232,4198400,73LO4S6We2aGQvM0qCXo
8834560,4198400,73VYXPJgsRlKIMiOLwG4
8493056,4198400,73WUpI48k9P6lrKFCHiV
2960624,4096,73cMCHeUwStZjy2VoQRm
4825600,4198400,741Fqpl2jCHVTQdnMJmv
757248,4198400,74KWaPkrADuI3JU1yseB
1024512,4198400,74Or1zJIqk5bcKE2nTLS
11329024,4198400,74SYbIefnAEJpGHZq6md
4370332,4198400,74WkCP2cquVeLyU5hgTz
2420224,268439552,74zFPGsnxZX5pqlaVUWY
8507904,4198400,75DeYlyFgVjhbZ8vSTRI
8493056,4198400,75IA0ztPUf4HQJiacnoW
445440,4198400,75ItWqpMPsL0ng1AdCDF
5464064,84676608,75kSfRBJKbHzOQIgGsa4
7691264,4198400,75qSAohLWYb60Hs24NUF
8493056,4198400,75xUGovrLMWa4tI0XJNV
8493056,4198400,75yjfqgYnbkFS4xd2mWN
8507904,4198400,7614qKWBOGwx5N8dcgfA
697856,4198400,769Krhu3E0pAyvqMZ5SQ
579072,268435456,76cGRgDJyFW08rY1tz59
1351168,4198400,76k8OovtGLQ5xBJKuUHb
1766912,4198400,783NTBAd2k1E6wHDGjiJ
697856,4198400,784QCIkhOnwcRvFeNDZr
2539008,4198400,78AHqX2vjeyWO49RSoVl
3637760,268439552,78LEYtRhNmAP9Oogdv2Q
460288,4198400,78mbJ9OKHRUSCPTk5hlw
11329024,4198400,79RN6Du2CAiqaOpStbJB
8493056,4198400,79ZlfG6CozviMAFYnWhK
965120,4198400,7PNjmAMet9l83cVEDa1u
11329024,4198400,7PZmOnTke1EJh9I5yijz
564224,1710755840,7PpZMfi3L0TNnxFKvuVj
4371666,4198400,7PtaAnTZi0QCphfNy6ms
8507904,4198400,7PtsSV1FrYgEfGpaqOn8
579072,4198400,7QNAUrmZEql3XR1I42jz
1974784,4198400,7QNdReHl4GMupPJ6yiFs
1440256,4198400,7QPJ36MV4rktjX0H9GLq
460288,4198400,7QfZGXKy3aH94BekTAqz
683008,268439552,7QrNYCk9O18JlZWgxmwE
697856,1736970240,7QtHrPMIOSsxAde6wnv0
4513792,4198400,7QvXGmHYhSibDW9IwU6O
876032,4198400,7Qx5U3phNBIMglLwV9PS
475136,1804865536,7RVrih9gAL1FodIKNTc2
8507904,4198400,7RfoFlxTSDhLmqreOzpg
3608064,4198400,7RnQ3Sy8cEZq2av9oTw6
1499648,4198400,7RwQrPuUbtMo2HzkvXps
1410560,4198400,7Rx5kEXu8PUcAvqodymC
14164992,4198400,7SAUNtQf8RMmL904jxID
1841152,1742999552,7SYuaZ8je5XbBpV6w0Ti
4443284,4198400,7SvjWXrltZdLTFhIGPNw
1959936,4198400,7T49Xi2bgMIxcAQKdfky
1039360,268439552,7TCJgElGe5zdMK94wqoU
697856,4198400,7TOAFQ4IL2oain9Z1DRq
460288,4198400,7Tcy2sVaMmJovEDAzr5O
1172992,4198400,7TkKqyHUA6vCitwdIOLW
5998592,4198400,7To2l5mzJPgjGIUWu93R
5300736,4198400,7Tqx4LAfG8hZHivBO0CD
935424,4198400,7UAM4qtfCHSauXLeV1dy
712704,4198400,7UEqLpy8zmkvfA2e5Nob
460288,4198400,7UFMw39SLs8Qn4RuIY6W
5374976,4198400,7UJTAcmd85jRz0VitSof
460288,4198400,7Upjf5qMRYvm0HgrQeFZ
460288,4198400,7pLsiOtom1KAuaZx4bQF
1796608,4198400,7pU9smclbORIArdDtvuF
4513792,4198400,7ptdL0VO1BzPlWXnGHwJ
1692672,4198400,7pzosfRuZN1HiF5Xdh3M
11329024,4198400,7qBpIPJl0DvXnuWAMr6i
668160,4198400,7qKcamLjgNfwJb0B3z9I
8819712,4198400,7qQDOvVX1PipRLyBdNhW
10571776,4198400,7qXRGMD4gi8VkIWSjyeF
8300032,4198400,7qY2raQ6izp1KwGcsdyn
8493056,4198400,7qgZAJlOevNdjHtbpfuR
11908096,4198400,7qlMUcpafAL3QFiPWEzJ
712704,4198400,7qvZykasB4CizHm8EIhT
8493056,4198400,7r3gQfJxjyIdX1YloWuR
2331136,268439552,7r4nyOFDRwkc2EgxopWV
8507904,4198400,7r5DCxQ2nJKN0GOYPmcH
460288,4198400,7rA0i63yVHEovbzemk5W
4825600,4198400,7rFfuChDjeTMzdLVYJgW
1830016,4198400,7rGnF9XMABepRjP48xdT
2138112,4198400,7rIRLujKkM9NAsDd5Etc
8493056,4198400,7rLEfBjbiyXDU0Aewa4P
11329024,4198400,7rcIYafVLBJQ1Hwy2gDO
8507904,4198400,7ri8e1uFxo9B3hD4p2Jk
1781760,1120604160,7rneDC6Ng10vEPuicRWV
3771392,4198400,7rvpSAIkeV8TKQDi0lw5
579072,4198400,7s4hmScB9p6HZfNFwVri
1529344,4198400,7sNR0UFCQniz8vbhVpIo
8507904,4198400,7sXGVmyjMe1bc3LdOnYx
4267034,4198400,7sbEMLcRn1mktlNwzdxW
2078720,4198400,7schXvl2FHSujB3aVK9e
8493056,4198400,7slN1qRFSycIgd9Qwejx
7631872,4198400,7suvOYcA5hQI4Zk1HtMo
519680,1368920064,7t2LuUCxAsgdqwWGIXY6
460288,4198400,7tDpNPXUISleJCkZQjr9
1143296,4198400,7tTN1k68jFBqlbXDixru
460288,4198400,7twBm0QdZXenW3vcUFJ2
4370216,4198400,7uj5dveZfCAg4MWnorY0
4038656,4198400,7ujgT8KqGXmU5JFoM6LH
8507904,4198400,7ul8ODTFRYWPryM0xfLd
846336,1831407616,7upD1xywIeOmibLNPSo4
697856,4198400,7uqOdRfD2MNowsIh3xUX
979968,4198400,8026Dh4VpfjPekaCgAYQ
4355742,4198400,807vR3GqyQpViHKxNWn4
7409152,2080772096,80G5QtOzNdR9CVxTJ3Uv
460288,4198400,80SRBPMDkCmJlbwYAiWq
8507904,4198400,80ViwbE3MzP2elI7NSFZ
4443284,4198400,80ZfO5UGkLI4Scj3eQwh
608768,268439552,80gD69r3peFlTAGtXzu7
861184,4198400,80gSqucmDeUFbHJWYy7M
6681600,4198400,81BI6Ky9bfr4CL3TUkFp
9547264,4198400,81IgT57cylMUNGbLkiqm
3088384,4198400,81JBhZw7jQmauKs9brPy
7824896,4198400,81LeDy7sJGfSQHFAh0cp
9413632,4198400,81ZbxYRAu0SEJOj5NsgC
2271744,4198400,81hixSwVrAuGKNc3CLMX
2331136,268439552,81jMeyEZiOpJkCuBlDYg
8493056,4198400,81lKRfdtTgnpWqIUYMzo
237568,4198400,81qGwidJPUF7N6hpmerO
1380864,1835667456,81ulAd7ac20I3FRTXeYr
8507904,4198400,8251cHixBfdqrKLoPl4v
1217536,4198400,82AIq1lR7GwbtSsTWQNP
950272,4198400,82C7lgFmjsNTu9fBdHbi
2019328,4198400,82L6irNBWpMQZ9DRlXKw
816640,4198400,82j5UBofDE7wucTk4CRJ
8493056,4198400,82kLgCGIRNXduWs1SrKh
1083904,4198400,82kVSm5MBPszG7X13Zin
8493056,4198400,82nLVASm1tBsdgHMvEXP
460288,4198400,82rMDRO53qpfnIL4Hi1Y
8493056,4198400,830VZXwLBxUc9qAeKMh4
2078720,4198400,83WX5lUK6RJTpb2rOHqI
10556928,4198400,83dL7Ovsfp9yCQTMehHD
4840448,4198400,83uOwngTAXtNQPvD2CxY
2138112,4198400,83up2hzQfPn5BcFaRwXO
2331136,268439552,849LvXpTdqesHuxnwfOG
1662976,268439552,84OlNTMLw3uXFdqapGUv
8493056,4198400,84RSutPNkVDme03yEvLT
549376,1845760000,84RrvZ0uc7kqOhsSDITN
4795904,4198400,84ViQ93gyPruDSoOn7zw
3266560,4198400,84jKcbktfshl69TiErUG
8493056,4198400,84rjJmfPEVRbCDo3v27K
816640,4198400,857rChkgSJiFGI9Zu6Hb
8493056,4198400,85K7ypWXbaOUjmuxDEz9
1648128,4198400,85Mk6byWNR1wCETYisFp
8626688,4198400,85SPpVLIiAYX3dqKvyar
8507904,4198400,85USJtlMLfksEDHXemdQ
11329024,4198400,85X9KSMHj4TODcx6FAvW
1930240,4194304,85lCRjIZmV670qYBJSNo
5300736,4198400,85m4HMaLjpTxtlovqZw0
11329024,4198400,85qIWFZNGAb6nLug14lH
816640,4198400,85qyLrVc1vhsKCfnNXmx
4371480,4198400,85rKfZbF1SIhMdjmux2N
9116672,4198400,860EGyhmJVB49WrLgOC3
6533120,4198400,86QrjZewznD2W3VhpRbm
8493056,4198400,86kMhQHlXa1UWO3ifeg2
5300736,4198400,86kXs2U1IEtu7d3fvxJY
2152960,4198400,86ltmd4JPQnVozyK37bB
8493056,4198400,86zwqdmPOQucFREIM1Zg
1945088,4198400,87Cf2go9YulDiHEyekaS
445440,339742720,87DkeyGYrEq3xpKFh9SO
683008,268439552,87FTRrZLn1WozgdYvbxQ
8493056,4198400,87OEybJHlup9AavITYCg
8507904,4198400,87jlaqfJEScCvPiWTYZD
6295552,4198400,87tNO4MR0FzxlyPX5fL3
5033472,4198400,87zKHh2vErX6McwSZQyT
9339392,4198400,891Ymzl3VvoJLAMXh4pO
8493056,4198400,894ejoK3q5aZurSAzUJs
816640,4198400,89HNYZxtGbavBFUewOT7
460288,339742720,89UZDSqlnhazBOCJrk3t
8507904,4198400,89VdQqEkGB2Fzv4lXnbU
8493056,4198400,89v2baCuULMreOmyNKlW
8507904,4198400,89vxBRnaEKcYM04Dhq5b
8507904,4198400,908ECXqK41WUhyuiH2vc
1559040,4198400,90bDVByGTFolh5XW1JiU
593920,1737756672,90jZFCThBQ8HKsDxzywY
935424,4198400,91GncYPQHMUTaSuZBqxJ
445440,4198400,91ToMmJQDchgCfyZYGzs
1321472,4198400,91fA2w3oR6kHsgEjVYpv
1187840,4198400,92IMlB5PUDxYuGOw0dmE
8507904,4198400,92R3zY7inOXqDJtGApdf
8507904,4198400,92bOmtQduNgIJA5YnFDU
876032,4198400,92mDMJfaqQrwCSiX5Vht
14164992,4198400,92xGBknJqLXYFcgUmjVl
4825600,4198400,93DFQGKTLxy8Ej6kwlPu
4810752,4198400,93QCNLn5FD2pueg7GdXB
1737216,4198400,93a1FbpJTGSxjfNElrz6
2034176,4198400,93hSUYmZjMsVpPcHJRCo
4370900,4198400,93lsPQvIXLHNfCyY2nVr
3073536,4198400,93prvATOY7WiulSKUcRm
445440,4198400,93qwE6DU817h5JxGBn4d
1291776,4198400,93tGL7eRYkUqXnDw8POJ
608768,4198400,93u1tN26E8eySoFxaign
638464,4198400,93vLt5cVNKnr7IsbQa48
4281348,4198400,9463P7bjDcRnOYxeXAzN
579072,535298048,94YPXMUJpoafhVGgEKHT
8507904,4198400,94bEZMkLjDp1BXoucFVI
786944,1659371520,94dA6U1Diuc0rQxlyveO
9680896,4198400,94gomdyfxJAh6lepszW2
7735808,4198400,954FXI3YU1fzE0idZ2QA
8507904,4198400,95O43pwieMPvd7nkf6HN
772096,4198400,95joqyVh0gaeEIbrv1BA
1262080,4198400,95v7GINU3kVdepaZEhJo
8493056,4198400,96CpHvOlGZiIdYVM0RAf
1172992,268439552,96q38IGMtxTJOalbAoK2
11329024,4198400,96ri7DBgMW12PlxVUowY
549376,4198400,972muzardTq3IUKHODvP
5271040,4198400,974hJRWKfvXaTtNoqMGl
8493056,4198400,97SF640J3ZDy2Q1aRUjP
6889472,4198400,97XqpfurOYENh65VoBGR
786944,268439552,97o6x4ZILtD8bJsd0EQ1
8493056,4198400,981OxmWynXIJEiSTGhMf
8359424,4198400,98fBSiA2Nul5EzmnC6kt
8493056,4198400,98gRXLdAIUwOG0eor7Fl
9398784,4198400,A0CFJYzbxeu35R2Ktnjy
1945088,4198400,A0HW9QwOgnLmyKb18REj
8507904,4198400,A0L4e6WxD8IEcjuahVik
8507904,4198400,A18SwaWICYOMopkGqKJn
549376,268439552,A1Bn4Cb86GzdTkf0xo5W
3043840,4198400,A1HObY8XCjgNR6vKnPk0
4736512,4198400,A1SiGLNa86IsOJbXz3K2
1262080,268439552,A1ocVJEUfDn9bh4ZlINj
460288,4198400,A2EUbPW7LTd0mN3vfIwi
2167808,4198400,A2T5SknsHCgGvh8oqzlB
8493056,4198400,A2gUkSIVKnbjsDfdJvwq
1351168,16781312,A3sl2V6Zkbfv8NOQhotm
460288,4198400,A3v8cnhKHlp7T2jPWeqf
8507904,4198400,A4126nkduWYEBVFo05w7
1054208,268439552,A41Ov2nFcx8flziRwrap
460288,4198400,A4Gwv2fplFCVaiSbKJN0
1410560,1748766720,A4L5MciWJmYurOp2RxEH
2331136,268439552,A4VuQZbt2oGyOkUcvS7W
1662976,4198400,A4i9wPlygmMQK2ftbXaI
8493056,4198400,A4nsFofmGelOp9cKxvUr
890880,4198400,A4oRW0sZJ3jKwazH5TLy
534528,1754075136,A4xfRz73qWePOCnJ2Sya
7379456,4198400,A50gUVJDyd86eQlnwIOL
8493056,4198400,A5DnKNZrMEfGiyUWauSB
9383936,4198400,A5OeVxySE4CQGuJqtm9P
8493056,4198400,A5Rg18PaNvZ4cq0OuDoX
460288,4198400,A5kpVrwRnb1UKuysi6IY
4172288,4198400,A5qy6H0JOBYsbCapvcfU
608768,4198400,A6GV1ozYMav9f4UbdBwL
1172992,4198400,A6RirTm0V4X5OcaS87e2
965120,1598099456,A6TX0OzcSq9BWrDfylNQ
697856,268439552,A6UnWK7Eo8iVp9NIBmRY
1722368,1836584960,A6jFXDy2zkKeBunWwPaM
8493056,4198400,A75mw4S9QdqEua2sDL1n
6072832,4198400,A7J3GKfu0rBE6MlTj81V
1013469,4096,A7QialhFt2kLjBGXw5qI
2034176,51908608,A7bCyQK5X6wcgBEqI4WV
816640,268439552,A7fDZiS6LavrYlsRGhwj
5033472,4198400,A7g1E4jMhaFSwliBqHnX
4356076,4198400,A8REQ3NzB0dtHFCWDhoc
2331136,268439552,A8hKH57o1Fj0ZgI4q9QX
8507904,4198400,A8oC4SXBj0lrW2Jw6n9h
460288,4198400,A90BHbUZYfQvGI1m58Mn
2004480,4198400,A9SBTCOonUdluM8aqzXf
5300736,4198400,ABDGLcYxIh1efOnq98vg
7201280,4198400,ABGeDjKUirlfFwcoMQ5V
549376,1929777152,ABKYP6wsn83SD2N91ICV
1143296,4198400,ABNUEpLD8GlK6iubzwWe
2910208,4198400,ABedwUfPmn9jv5YNbykK
1766912,16781312,Aa9zCWtbpOo750IlMRdY
8507904,4198400,AaKdPBWQD37j9prRxFoZ
1113600,4198400,AaNMcn6PxdZX5lwfz8qr
876032,268439552,AaWxK6vm9kyePRD8gJLV
876032,4198400,AaZv2sYJqpI8He5NBPfD
8493056,4198400,AafDoztH3lGEhknjFZJM
549376,4198400,Aag8xz4w7b03jD6mG1Yh
8507904,4198400,Aakq59juHDKNfbUXR72Y
3088384,4198400,AarFhLo7SgGIEU0fHzQn
2286592,268439552,Ab76U0fJanpo2QwxVN9e
4840448,4198400,AbDuHJy7LUcZWnOaFEXh
8493056,4198400,AbLUSYiJdvfPVp6gxn0N
1959936,4198400,AbnCYsqpKWGyQE2vh8DV
697856,4198400,BVSHRsC20rP3z6ZLmfnK
296960,268439552,BVSv2EQDiNfR4OxL60l5
1870848,4198400,BVt1fum5EzksNPAx3oWa
3028992,4001792,BWgA5e9Gka6XfiEmUDPc
11329024,4198400,BWkM6V0EzUeGaIOCqH8y
8493056,4198400,BWwNc9p154qvzI68aPH0
1247232,4198400,BX1krdbNEPmgFeCaRy52
8507904,4198400,BXKmeITqa7cfsyYEdpFS
8493056,4198400,BXQNYRIMHrq8LZ7Ay9pc
8493056,4198400,BXVCZF5arGuDLKxWgSsi
8493056,4198400,BXYpT4e7jKgbI95Lqaov
8493056,4198400,BXrPSmlKvMJz1guqHFLa
460288,4198400,BvU3AbFVu1awtI9QGzhR
4424704,4198400,BvWnd3XlLYb1QGAyP6Zf
5300736,1828720640,BvwxC30DRuqGQag5ybjn
2004480,4198400,BwN6PaWOZGlQA3DgICEx
8493056,4198400,BwYh9iTOtILyCW8SvJZf
460288,4198400,Bwqo5fajvyIRE3DKzSx6
489984,1687752704,Bwy4zORApCad3tDH9WSo
460288,4198400,Bx9jm5GL6DYkWby3OKdi
8493056,4198400,BxLpsG41I0qTgXKJPrtC
5300736,4198400,BxPFmVlCKJpDQzIZcEAs
8507904,4198400,BxRn5YjcIH1qCEy67NP9
8493056,4198400,BxXFHVSY8oWfM5pwqyKA
8493056,4198400,BxcUOqI5b8zn2mlrXSt9
11744768,4198400,BxhpgtQbsyuqY06HJ2OT
8493056,4198400,DJjxUw8TfrevydRuCSZW
683008,1524371456,DJr7dHKNj6Uw52YSOny1
5300736,4198400,DKs0lpax9nB8gS3XRuEb
8507904,4198400,DM4TcmxWagnhX3658jBN
7230976,4198400,DMPvl1eFd8B4OsNICKZa
1143296,4198400,DMYi0TwJsZ5pt31IaxzO
593920,4198400,DMjq5z4vmgwOaE1Q2XoG
475136,268439552,DMtdk84SP10RYjaZEUxz
